PLATFORMNO,PROJECTNO,PROJECTNAME,PROJECTTYPE,AMOUNT,REPAYMENTWAY,PROJECTPERIOD,EXPECTEDYIELD,TOTALLOANMONEY,TOTALINVESTMENT,LOANTIME,USERNO
3000000016,1120,BJ-DY-2363-第三期,STANDARDPOWDER,1650000.00,ONE_TIME_SERVICING,0,0.07800,1649336.00,85,20160702183015,1000099877
3000000016,1121,BJ-DY-2337-第一期,STANDARDPOWDER,1300000.00,ONE_TIME_SERVICING,0,0.07800,1299215.00,94,20160702183011,1000099877
3000000016,1123,BJ-DY-2376-第一期,STANDARDPOWDER,1600000.00,ONE_TIME_SERVICING,0,0.07600,1597967.00,103,20160702183148,1000099877
3000000016,1126,BJ-DY-2367-第一期,STANDARDPOWDER,1200000.00,ONE_TIME_SERVICING,0,0.07600,1198601.00,111,20160702183048,1000099877
3000000016,1127,BJ-DY-2367-第二期,STANDARDPOWDER,1200000.00,ONE_TIME_SERVICING,0,0.07600,1198102.00,91,20160702183056,1000099877
3000000016,1128,BJ-DY-2367-第三期,STANDARDPOWDER,1200000.00,ONE_TIME_SERVICING,0,0.07600,1198602.00,73,20160702183119,1000099877
3000000016,1129,BJ-DY-2367-第四期,STANDARDPOWDER,1200000.00,ONE_TIME_SERVICING,0,0.07600,1198460.00,77,20160702183123,1000099877
3000000016,1130,BJ-DY-2378-第一期,STANDARDPOWDER,1800000.00,ONE_TIME_SERVICING,0,0.07600,1797835.00,90,20160702183157,1000099877
3000000016,1131,BJ-DY-2378-第二期,STANDARDPOWDER,1750000.00,ONE_TIME_SERVICING,0,0.07600,1747170.00,110,20160702183223,1000099877
3000000016,1132,BJ-DY-2363-第五期,STANDARDPOWDER,1650000.00,ONE_TIME_SERVICING,0,0.07800,1648640.00,72,20160702183025,1000099877
3000000016,1134,BJ-DY-2355-VIP-2,STANDARDPOWDER,100000.00,ONE_TIME_SERVICING,0,0.08800,100000.00,1,20160702183000,1000099877
