PLATFORMNO,PROJECTNO,PROJECTNAME,PROJECTTYPE,AMOUNT,REPAYMENTWAY,PROJECTPERIOD,EXPECTEDYIELD,TOTALLOANMONEY,TOTALINVESTMENT,LOANTIME,USERNO
3000000016,3529,BJ-DY-2400-第五期,STANDARDPOWDER,1500000.00,ONE_TIME_SERVICING,0,0.07600,1494340.00,276,20160713192954,1000099876
3000000016,3530,BJ-DY-2403-第一期,STANDARDPOWDER,1000000.00,ONE_TIME_SERVICING,0,0.07600,996670.00,204,20160713192503,1000099876
3000000016,3531,BJ-DY-2458-第二期,STANDARDPOWDER,1010000.00,ONE_TIME_SERVICING,0,0.07800,1009197.00,56,20160713183015,1000099874
3000000016,3561,BJ-DY-2407-第一期,STANDARDPOWDER,1800000.00,ONE_TIME_SERVICING,0,0.08000,1798570.00,111,20160713191718,1000099876
3000000016,3562,BJ-DY-2408-第三期,STANDARDPOWDER,1200000.00,ONE_TIME_SERVICING,0,0.07600,1197578.00,128,20160713192642,1000099876
3000000016,3563,BJ-DY-2405-第一期,STANDARDPOWDER,1300000.00,ONE_TIME_SERVICING,0,0.07600,1298206.00,120,20160713183146,1000099876
3000000016,3564,BJ-DY-2411-第一期,STANDARDPOWDER,1250000.00,ONE_TIME_SERVICING,0,0.07800,1249565.00,46,20160713183222,1000099876
3000000016,3565,BJ-DY-2405-第二期,STANDARDPOWDER,1300000.00,ONE_TIME_SERVICING,0,0.07600,1297993.00,142,20160713194044,1000099876
3000000016,3566,BJ-DY-2405-第三期,STANDARDPOWDER,1300000.00,ONE_TIME_SERVICING,0,0.07600,1298074.00,112,20160713191820,1000099876
3000000016,3567,BJ-DY-2408-第一期,STANDARDPOWDER,1200000.00,ONE_TIME_SERVICING,0,0.07600,1198583.00,97,20160713183059,1000099876
3000000016,3570,BJ-DY-2468-第一期,STANDARDPOWDER,1080000.00,ONE_TIME_SERVICING,0,0.07600,1077812.00,122,20160713183031,1000099874
3000000016,3574,BJ-DY-2539-VIP-1,STANDARDPOWDER,450000.00,ONE_TIME_SERVICING,0,0.09400,450000.00,1,20160713183227,1000099876
3000000016,3575,BJ-DY-2366-VIP-4,STANDARDPOWDER,507000.00,ONE_TIME_SERVICING,0,0.09400,507000.00,1,20160713183000,1000099877
