PLATFORMNO,PROJECTNO,PROJECTNAME,PROJECTTYPE,AMOUNT,REPAYMENTWAY,PROJECTPERIOD,EXPECTEDYIELD,TOTALLOANMONEY,TOTALINVESTMENT,LOANTIME,USERNO
4182037639626206,2013101514,9702b4d4-a4ca-49d8-93bc-928f9c369183,STANDARDPOWDER,29388,FIXED_PAYMENT_MORTGAGE,23,9.531482586212492,911545,3294,2018-01-03 00:43:06,2013101515
4740095062558588,2013101515,e089bbcd-7af8-4847-809a-af1c6995bac1,STANDARDPOWDER,69242,FIRSEINTREST_LASTPRICIPAL,32,7.337240337469129,120114,7607,2018-01-02 02:44:24,2013101517
4182037639626206,2013101516,1577dc6b-cbd9-4917-944e-b2fc38854b6e,STANDARDPOWDER,51710,ONE_TIME_SERVICING,82,2.8588768185255047,267962,3516,2018-01-03 18:45:06,2013101519
4740095062558588,2013101517,0ec7e296-d3c8-4a17-86b2-48a69eeee225,STANDARDPOWDER,23404,FIXED_BASIS_MORTGAGE,25,3.106692687379875,164131,6508,2018-01-11 06:40:49,2013101521
4740095062558588,2013101518,fcc553c2-3fb8-440f-a605-cb20160b2866,STANDARDPOWDER,93064,FIXED_PAYMENT_MORTGAGE,79,5.84663578990072,235163,1182,2018-01-03 11:32:32,2013101523
4740095062558588,2013101519,ae748d9e-42e4-412f-a485-235de288ee26,STANDARDPOWDER,39714,FIRSEINTREST_LASTPRICIPAL,72,5.02340229291821,428595,5835,2018-01-01 12:09:20,2013101525
4740095062558588,2013101520,ccf23aae-89cc-4c3d-b0b9-44ace7bc6f1d,STANDARDPOWDER,71351,FIRSEINTREST_LASTPRICIPAL,38,2.962232578447297,897892,8603,2018-01-02 04:07:31,2013101527
4740095062558588,2013101521,ab49168b-102c-4975-aac3-feea9a7af061,STANDARDPOWDER,89026,FIXED_PAYMENT_MORTGAGE,50,1.5761589229176303,549748,5853,2018-01-07 14:21:00,2013101529
4182037639626206,2013101522,bd8c625a-fc5b-4dc6-a9de-8f904abca4bb,STANDARDPOWDER,35447,FIRSEINTREST_LASTPRICIPAL,27,4.712295950022377,305892,2062,2018-01-03 09:08:02,2013101531
4182037639626206,2013101523,c0d1f8b0-6395-4849-ac28-0e74889805bd,STANDARDPOWDER,86614,FIXED_PAYMENT_MORTGAGE,24,6.283741161573885,339001,7743,2018-01-03 18:26:20,2013101533