PLATFORMNO,PROJECTNO,PROJECTNAME,PROJECTTYPE,AMOUNT,REPAYMENTWAY,PROJECTPERIOD,EXPECTEDYIELD,TOTALLOANMONEY,TOTALINVESTMENT,LOANTIME,USERNO
4855190646652741,2013101514,29fd457a-de88-4f2b-838e-6fd804a457a6,STANDARDPOWDER,25679,FIXED_BASIS_MORTGAGE,31,7.3427908709846985,317811,5822,2018-01-07 17:55:21,2013101515
4855190646652741,2013101515,25e6c5ab-f0c8-40a3-b307-71d08dab7137,STANDARDPOWDER,87179,FIRSEINTREST_LASTPRICIPAL,91,6.989328892190889,423626,9403,2018-01-16 04:52:23,2013101517
7508068660383417,2013101516,875124c5-7d9c-4b73-815c-92367774d092,STANDARDPOWDER,19252,ONE_TIME_SERVICING,30,9.696234514437238,345821,5264,2018-01-14 18:15:03,2013101519
7508068660383417,2013101517,f4d7c31f-eede-429e-97b5-3afcd625d34c,STANDARDPOWDER,25756,FIXED_BASIS_MORTGAGE,41,9.86934737101031,663448,1281,2018-01-16 07:24:41,2013101521
4855190646652741,2013101518,6c86eeef-daec-4674-b827-38a07cecbbc0,STANDARDPOWDER,58137,FIRSEINTREST_LASTPRICIPAL,52,9.38031329797548,971446,7330,2018-01-14 20:43:24,2013101523
7508068660383417,2013101519,dc53615a-8104-435a-9db6-f6d0a1004d89,STANDARDPOWDER,29952,FIXED_PAYMENT_MORTGAGE,59,3.0791112325247836,899256,5776,2018-01-16 15:33:48,2013101525
4855190646652741,2013101520,aadfe38f-e79f-4c8c-b105-7b83112deeb5,STANDARDPOWDER,92343,FIXED_PAYMENT_MORTGAGE,11,1.8805512045847432,826748,3369,2018-01-03 02:39:22,2013101527
4855190646652741,2013101521,7ed47c6e-22f8-4427-a97e-a3ce55c57729,STANDARDPOWDER,16916,FIXED_BASIS_MORTGAGE,33,6.833016898967317,252586,6277,2018-01-02 07:37:31,2013101529
7508068660383417,2013101522,0d4cf3a1-56ad-4672-b781-fa954ec7bd9c,STANDARDPOWDER,23347,FIRSEINTREST_LASTPRICIPAL,44,6.59579587451615,785881,7766,2018-01-11 22:14:32,2013101531
4855190646652741,2013101523,c8bfde45-c6ea-4021-a649-2f1c0c9c6187,STANDARDPOWDER,82848,FIRSEINTREST_LASTPRICIPAL,78,1.8399096374743782,534766,4469,2018-01-14 02:23:34,2013101533