PLATFORMNO,STARTTIME,ENDTIME,NEWOPENACCOUNTNUMBER,RECHARGENUMBER,RECHARGEPENNUMBER,RECHARGEAMOUNT,INVESTMENTNUMBER,INVESTMENTPENNUMBER,INVESTMENTAMOUNT,WITHDRAWNUMBER,WITHDRAWPENNUMBER,WITHDRAWAMOUNT,RECEIVEDPAYMENTSNUMBER,RECEIVEDPAYMENTSPENNUMBER,RECEIVEDPAYMENTSAMOUNT,BALANCENUMBER,BALANCEAMOUNT,SUBJECTNO
7.50807E+15,2016/10/9 20:11,2018/2/13 12:20,9244,8697,76943,95151,84257,50449,9035,87501,56225,52669,51736,65742,76326,122674,42695,111111
,,,,,,,,,,,,,,,,,,
,,,,,,,,,,,,,,,,,,
,,,,,,,,,,,,,,,,,,
,,,,,,,,,,,,,,,,,,
,,,,,,,,,,,,,,,,,,
,,,,,,,,,,,,,,,,,,
,,,,,,,,,,,,,,,,,,
,,,,,,,,,,,,,,,,,,
,,,,,,,,,,,,,,,,,,