PLATFORMNO,STARTTIME,ENDTIME,NEWOPENACCOUNTNUMBER,RECHARGENUMBER,RECHARGEPENNUMBER,RECHARGEAMOUNT,INVESTMENTNUMBER,INVESTMENTPENNUMBER,INVESTMENTAMOUNT,WITHDRAWNUMBER,WITHDRAWPENNUMBER,WITHDRAWAMOUNT,RECEIVEDPAYMENTSNUMBER,RECEIVEDPAYMENTSPENNUMBER,RECEIVEDPAYMENTSAMOUNT,BALANCENUMBER,BALANCEAMOUNT,SUBJECTNO
4.18204E+15,2016/3/29 19:51,2018/2/13 12:20,7835,3849,45177,90591,73997,45706,4702,75540,41203,85947,98575,20555,17048,109562,21677,111111
,,,,,,,,,,,,,,,,,,
,,,,,,,,,,,,,,,,,,
,,,,,,,,,,,,,,,,,,
,,,,,,,,,,,,,,,,,,
,,,,,,,,,,,,,,,,,,
,,,,,,,,,,,,,,,,,,
,,,,,,,,,,,,,,,,,,
,,,,,,,,,,,,,,,,,,
,,,,,,,,,,,,,,,,,,