PLATFORMNO,PROJECTNO,PROJECTNAME,PROJECTTYPE,AMOUNT,REPAYMENTWAY,PROJECTPERIOD,EXPECTEDYIELD,TOTALLOANMONEY,TOTALINVESTMENT,LOANTIME,USERNO
3000000016,8287,BJ-DY-2516-第八期,STANDARDPOWDER,2000000.00,ONE_TIME_SERVICING,0,0.07600,1997945.00,148,20160731183123,1000099877
3000000016,8288,BJ-DY-2567-第一期,STANDARDPOWDER,1100000.00,ONE_TIME_SERVICING,0,0.07600,1098635.00,76,20160731183213,1000099877
3000000016,8290,BJ-DY-2620-第二期,STANDARDPOWDER,1400000.00,ONE_TIME_SERVICING,0,0.07800,1398695.00,68,20160731183148,1000099877
3000000016,8291,BJ-DY-2567-第三期,STANDARDPOWDER,1100000.00,ONE_TIME_SERVICING,0,0.07600,1098800.00,75,20160731183252,1000099877
3000000022,8292,优房宝127-691,STANDARDPOWDER,500000.00,FIRSEINTREST_LASTPRICIPAL,0,0.08000,500000.00,57,20160731184009,1000716441
3000000016,8293,BJ-DY-2567-第四期,STANDARDPOWDER,1100000.00,ONE_TIME_SERVICING,0,0.07600,1098970.00,75,20160731183258,1000099877
3000000016,8295,BJ-DY-2491-第一期,STANDARDPOWDER,1500000.00,ONE_TIME_SERVICING,0,0.07600,1499722.00,49,20160731183001,1000099876
3000000016,8296,BJ-DY-2493-第一期,STANDARDPOWDER,1800000.00,ONE_TIME_SERVICING,0,0.07600,1798540.00,102,20160731183030,1000099876
3000000016,8297,BJ-DY-2620-第三期,STANDARDPOWDER,1400000.00,ONE_TIME_SERVICING,0,0.07800,1399615.00,38,20160731183204,1000099877
3000000016,8299,BJ-DY-2490-第一期,STANDARDPOWDER,830000.00,ONE_TIME_SERVICING,0,0.07600,829715.00,33,20160731183035,1000099876
3000000016,8300,BJ-DY-2496-第一期,STANDARDPOWDER,1500000.00,ONE_TIME_SERVICING,0,0.08000,1499385.00,66,20160731183043,1000099876
3000000016,8301,BJ-DY-2496-第二期,STANDARDPOWDER,1500000.00,ONE_TIME_SERVICING,0,0.08000,1499065.00,68,20160731183055,1000099876
